Model,Accuracy,Precision,Recall,F1-Score,AUC
Logistic Regression,0.8097560975609757,0.7758620689655172,0.8737864077669902,0.821917808219178,0.8094422234913383
Random Forest,1.0,1.0,1.0,1.0,1.0
